<?xml version="1.0" encoding="utf-8" ?>
<manifest>
  <control namespace="dnlb" constructor="dblbslider" version="0.0.1" display-name-key="dblbslider" description-key="dblbslider description" control-type="standard" >
   
   
    <!-- property node identifies a specific, configurable piece of data that the control expects from CDS -->
    <property name="dnlbslider" display-name-key="dblbslider" description-key="dnlbslider description" of-type="Whole.None" usage="bound" required="true" />
    
    <resources>
      <code path="index.ts" order="1"/>
      <css path="css/slider-style.css" order="1" />
      <!-- UNCOMMENT TO ADD MORE RESOURCES
      <css path="css/dblbslider.css" order="1" />
      <resx path="strings/dblbslider.1033.resx" version="1.0.0" />
      -->
    </resources>
   
  </control>
</manifest>
