<?xml version="1.0" encoding="utf-8" ?>
<manifest>
  <control namespace="dnln" constructor="dnlbaccountdetails" version="0.0.1" display-name-key="dnlbaccountdetails" description-key="dnlbaccountdetails description" control-type="standard" >
    <feature-usage>
      <uses-feature name="webAPI" required="true" />
    </feature-usage>
    <!-- property node identifies a specific, configurable piece of data that the control expects from CDS -->
    <property name="parentcustomerid" display-name-key="parentcustomerid_display_Key" description-key="parentcustomerid_desc_Key" of-type="Lookup.Customer" usage="bound" required="true" />
    <property name="contactid" display-name-key="contactid_display_Key" description-key="contactid_desc_Key" of-type="SingleLine.Text" usage="bound" required="true" />
    <resources>
      <code path="index.ts" order="1"/>
      <css path="css/accountdetails.css" order="1" />
    </resources>
  </control>
</manifest>
