<?xml version="1.0" encoding="utf-8" ?>
<manifest>
  <control namespace="dnlb" constructor="editlookup" version="0.0.1" display-name-key="editlookup" description-key="editlookup description" control-type="standard" >
    <feature-usage>
      <uses-feature name="WebAPI" required="true" />
    </feature-usage>
    <!-- property node identifies a specific, configurable piece of data that the control expects from CDS -->
    <property name="lookupFieldId" display-name-key="Lookup_Field_To_Be_Editable" description-key="Lookup_Field_To_Be_Editable" of-type="Lookup.Simple" usage="bound" required="true" />
    <property name="parentEntitySchemaName" display-name-key="SchemaName_Of_Parent_Entity" description-key="SchemaName_Of_Parent_Entity" of-type="SingleLine.Text" usage="input" required="true" />
    <property name="parentRecordId" display-name-key="GUID_Of_Parent_RecordId" description-key="GUID_Of_Parent_RecordId" of-type="SingleLine.Text" usage="bound" required="true" />
    <property name="parentEntityBindSchema" display-name-key="parentEntityBindSchema_Of_Parent_Entity" description-key="parentEntityBindSchema_Of_Parent_Entity" of-type="SingleLine.Text" usage="input" required="true" />
    <property name="lookupEntitySchemaName" display-name-key="SchemaName_Of_Lookup_Entity" description-key="SchemaName_Of_Lookup_Entity" of-type="SingleLine.Text" usage="input" required="true" />
    <property name="lookupEntityNameColumnSchema" display-name-key="lookupEntityNameColumnSchema_Of_Parent_Entity" description-key="lookupEntityNameColumnSchema_Of_Parent_Entity" of-type="SingleLine.Text" usage="input" required="true" />
    <property name="columnsOfLookupEntity" display-name-key="SchemaName_Of_Lookup_Entity_Columns" description-key="SchemaName_Of_Lookup_Entity_Columns" of-type="SingleLine.Text" usage="input" required="false" />
    
    <resources>
      <code path="index.ts" order="1"/>
      <css path="css/editlookup.css" order="1" />
      <!-- UNCOMMENT TO ADD MORE RESOURCES
      <css path="css/editlookup.css" order="1" />
      <resx path="strings/editlookup.1033.resx" version="1.0.0" />
      -->
    </resources>
    
  </control>
</manifest>
